engine_type,bypass_ratio,press_ratio,rated_output,ambient_baro,ambient_temp,ambient_humidity,fuel_flow_to
1,2.64,13.9,15.6,97.4,286.5,0.00765,0.205
1,2.64,14.3,16.5,97.15,303.5,0.0056,0.225
2,5.23,18.08,33.73,101.3,288,0.0063,0.377
2,5.1,16.6,31.5,101.3,288,0.0063,0.322
2,4.77,17.97,34.91,99.65,299,0.0128,0.3826
2,4.76,17.81,33.73,101.3,288,0.0063,0.38
2,4.77,17.97,34.91,98.95,296,0.0105,0.3826
2,4.77,17.9,34.74,99.65,299,0.0128,0.3805
2,4.77,17.9,34.74,98.95,296,0.0105,0.3805
2,4.81,17.22,33.05,99.65,299,0.0128,0.3589
2,4.81,17.22,33.05,98.95,296,0.0105,0.3589
2,4.77,17.9,34.74,99.65,299,0.0128,0.3806
2,4.77,17.9,34.74,98.95,296,0.0105,0.3806
2,4.79,20.2,42.23,101.3,294,0.0105,0.466
2,4.72,17.2,33,99.65,299,0.0128,0.3583
2,4.72,17.2,33,98.95,296,0.0105,0.3583
2,5.3,16.2,28.6,101.3,288,0.0063,0.28
2,4.72,19.06,37.16,98.95,296,0.0105,0.4122
2,5.2,15.8,29.62,99.65,299,0.0128,0.301
2,5.1,16.58,31.46,99.65,299,0.0128,0.3222
2,4.99,17.44,32.73,101.3,294,0.0105,0.3263
2,4.77,17.97,34.91,98.95,296,0.0105,0.3826
2,4.77,17.9,34.74,98.95,296,0.0105,0.3805
2,4.81,17.22,33.05,98.95,296,0.0105,0.3589
2,4.77,17.9,34.74,98.95,296,0.0105,0.3806
2,4.72,19.06,37.16,98.95,296,0.0105,0.4122
2,4.79,20.2,42.23,101.3,294,0.0105,0.466
2,4.72,17.2,33,98.95,296,0.0105,0.3583
2,0.85,18.4,66.64,103,293,0.01048,1.15
2,2.2,19.45,117.6,102.9,286.5,0.00748,1.67
2,2.35,17.4,112.7,102.65,293,0.00788,1.52
2,2.3,17,107.5,102.45,290,0.01119,1.42
2,5,30.85,156.9,103.45,283,0.004775,1.739
2,4.48,30.8,154.6,98.26,292,0.00946,1.532
2,4.36,33.79,169.7,99.295,290.75,0.00805,1.654
2,4.32,31.23,156.95,99.4,286.25,0.007785,1.38
2,4.2,24.31,65.61,101.8,295.75,0.00805,0.707
2,4.2,24.23,65.61,101.05,284.8,0.00755,0.713
2,4.19,24.16,65.61,101.05,284.8,0.00755,0.714
2,4.05,24.95,68.77,101.05,284.8,0.00755,0.747
2,4.66,28.98,84.16,101.6,291.6,0.00725,0.836
2,4.68,28.75,83.23,101.1,295.8,0.00735,0.831
2,4.6,30.47,89.68,101.6,291.6,0.00725,0.905
2,4.6,30.58,89.68,101.1,295.8,0.00735,0.91
2,4.55,32.01,95.33,101.6,291.6,0.00725,0.98
2,4.54,32.15,95.33,101.1,295.8,0.00735,0.984
2,4.35,26.16,75.7,100.75,296.3,0.007875,0.789
2,4.62,33.14,68.43,101.2,283.85,0.00658,0.682
2,4.19,24.16,65.61,101.05,284.8,0.00755,0.714
2,4.05,24.95,68.77,101.05,284.8,0.00755,0.747
2,4.62,33.14,68.43,101.2,283.85,0.00658,0.682
2,4.35,26.16,75.7,100.75,296.3,0.007875,0.789
1,6,25.2,106.76,96.735,282.5,0.0055,1.114
1,6,23.5,97.86,96.735,282.5,0.0055,0.985
1,6,23.5,97.86,96.735,282.5,0.0055,0.985
1,5.1,22.44,89.41,96.735,282.5,0.0055,0.946
1,5.1,24.1,98.3,96.735,282.5,0.0055,1.056
1,5.1,25.5,104.6,96.735,282.5,0.0055,1.154
1,5.1,21.3,82.29,96.735,282.5,0.0055,0.872
1,6,26.6,111.2,95.15,285.5,0.003,1.051
1,6,27.9,117.88,95.15,285.5,0.003,1.131
1,6,23.8,97.89,95.15,285.5,0.003,0.897
1,6,25.1,104.53,95.15,285.5,0.003,0.972
1,5.7,30.2,133.45,97.835,288.65,0.00715,1.359
1,5.7,30.2,133.45,100.84,296,0.01215,1.345
1,5.7,30.5,133.5,99.12,288.5,0.0098,1.32
1,5.5,30.2,133.4,98.05,285,0.00389,1.318
1,5.7,30.47,133.45,98.9,282.55,0.007,1.295
1,5.6,31.3,137.9,97.835,288.65,0.00715,1.426
1,5.7,31.2,137.9,100.84,296,0.01215,1.406
1,5.6,31.6,137.9,99.12,288.5,0.0098,1.39
1,5.5,31.3,137.9,98.05,285,0.00389,1.385
1,5.6,31.57,137.9,98.9,282.55,0.007,1.361
1,5.6,32.8,142.4,99.12,288.5,0.0098,1.47
1,5.4,32.6,142.3,98.05,285,0.00389,1.462
1,5.6,32.78,142.35,98.9,282.55,0.007,1.43
1,5.9,27.1,117.9,97.835,288.65,0.00715,1.166
1,5.7,27.1,117.9,100.84,296,0.01215,1.18
1,5.9,27.7,120.1,99.12,288.5,0.0098,1.14
1,5.7,27.3,120.1,98.05,285,0.00389,1.142
1,5.9,27.69,120.11,98.9,282.55,0.007,1.132
1,6,23.1,97.9,98.05,285,0.00389,0.894
1,5.9,23.33,97.89,98.9,282.55,0.007,0.891
1,5.7,24.8,104.5,100.15,293,0.0123,0.998
1,6,24.6,104.5,99.12,288.5,0.0098,0.97
1,5.9,24.3,104.5,98.05,285,0.00389,0.965
1,6,24.64,104.53,98.9,282.55,0.007,0.961
1,5.7,27.3,120.1,98.05,285,0.00389,1.142
1,5.9,27.69,120.11,98.9,282.55,0.007,1.132
1,6,22.7,96.1,98.05,285,0.00389,0.875
1,5.9,22.6,94.7,98.9,282.55,0.007,0.875
1,5.9,24.4,102.2,99.12,288.5,0.0098,0.961
1,5.9,24.2,103.6,98.05,285,0.00389,0.956
1,5.9,24,102.2,98.9,282.55,0.007,0.954
2,6.8,28.8,138.78,97.94,290.5,0.00675,1.308
2,6.8,28.2,137.61,97.94,290.5,0.00675,1.252
2,6.7,29.9,144.57,97.94,290.5,0.00675,1.373
2,6.7,29.2,143.33,97.94,290.5,0.00675,1.316
2,6.6,31.15,151.25,97.94,290.5,0.00675,1.456
2,6.6,30.5,149.9,97.94,290.5,0.00675,1.395
1,5.5,30.2,133.4,98.05,285,0.00389,1.318
1,5.5,31.3,137.9,98.05,285,0.00389,1.385
1,5.4,32.6,142.3,98.05,285,0.00389,1.462
1,5.7,27.3,120.1,98.05,285,0.00389,1.142
1,6,23.1,97.9,98.05,285,0.00389,0.894
1,5.9,24.3,104.5,98.05,285,0.00389,0.965
1,5.7,27.3,120.1,98.05,285,0.00389,1.142
1,6,22.7,96.1,98.05,285,0.00389,0.875
1,5.9,24.2,103.6,98.05,285,0.00389,0.956
1,5.5,21.59,86.74,97.9,295.5,0.01285,0.854
1,5.5,21.4,86.7,98.05,285,0.00389,0.842
1,5.4,22.61,91.63,97.9,295.5,0.01285,0.913
1,5.4,22.77,91.63,97.95,294.75,0.01062,0.903
1,5.5,22.4,91.6,98.05,285,0.00389,0.896
1,5.5,22.4,91.6,98.05,285,0.00389,0.896
1,5.3,24.41,100.97,97.9,295.5,0.01285,1.021
1,5.3,24.61,100.97,97.95,294.75,0.01062,1.008
1,5.3,24.2,101,98.05,285,0.00389,1.004
1,5.3,24.2,101,98.05,285,0.00389,1.004
1,5.3,24.2,101,98.05,285,0.00389,1.004
1,5.2,25.78,107.65,97.9,295.5,0.01285,1.103
1,5.2,25.95,107.65,97.95,294.75,0.01062,1.089
1,5.3,25.6,107.6,98.05,285,0.00389,1.086
1,5.3,25.6,107.6,98.05,285,0.00389,1.086
1,5.3,25.6,107.6,98.05,285,0.00389,1.086
1,5.1,27.61,116.99,97.9,295.5,0.01285,1.221
1,5.1,27.61,116.99,97.9,295.5,0.01285,1.221
1,5.1,27.8,116.99,97.95,294.75,0.01062,1.203
1,5.1,27.7,117,98.05,285,0.00389,1.213
1,5.1,27.7,117,96.74,298.8,0.041305,1.213
1,5.1,27.7,117,98.05,285,0.00389,1.213
1,5.1,27.7,117,98.05,285,0.00389,1.213
1,5.1,27.7,117,98.05,285,0.00389,1.213
1,5.1,27.7,117,98.05,285,0.00389,1.213
1,5.1,27.7,117,98.05,285,0.00389,1.213
1,5,28.63,121.44,97.9,295.5,0.01285,1.284
1,5,28.84,121.44,97.95,294.75,0.01062,1.265
1,5.1,29,121.4,98.05,285,0.00389,1.293
1,5.1,29,121.4,98.05,285,0.00389,1.293
1,5.1,29,121.4,98.05,285,0.00389,1.293
1,5.1,29,121.4,98.05,285,0.00389,1.293
1,5.1,29,121.4,98.05,285,0.00389,1.293
1,5.1,29,121.4,98.05,285,0.00389,1.293
1,5.1,29,121.4,98.05,285,0.00389,1.293
1,5.5,22.4,91.6,98.05,285,0.00389,0.896
1,5.3,24.2,101,98.05,285,0.00389,1.004
1,5.3,24.2,101,98.05,285,0.00389,1.004
1,5.3,25.6,107.6,98.05,285,0.00389,1.086
1,5.3,25.6,107.6,98.05,285,0.00389,1.086
1,5.1,27.7,117,98.05,285,0.00389,1.213
1,5.1,27.7,117,98.05,285,0.00389,1.213
1,5.1,27.7,117,98.05,285,0.00389,1.213
1,5.1,27.7,117,98.05,285,0.00389,1.213
1,5.1,27.7,117,98.05,285,0.00389,1.213
1,5.1,29,121.4,98.05,285,0.00389,1.293
1,5.1,29,121.4,98.05,285,0.00389,1.293
1,5.1,29,121.4,98.05,285,0.00389,1.293
1,5.1,29,121.4,98.05,285,0.00389,1.293
1,5.1,29,121.4,98.05,285,0.00389,1.293
1,5.1,29,121.4,98.05,285,0.00389,1.293
1,11.1,33.4,120.6,98.3,277.2,0.0026,0.855
1,10.5,38.6,143.1,98.3,277.2,0.0026,1.058
1,11.3,30,106.8,98.3,277.2,0.0026,0.745
1,11.1,33.3,120.6,98.3,277.2,0.0026,0.861
1,10.5,38.5,143.1,98.3,277.2,0.0026,1.062
1,11.1,33.3,120.6,98.3,277.2,0.0026,0.861
1,10.7,35.5,130.3,98.3,277.2,0.0026,0.946
1,10.7,35.5,130.3,98.3,277.2,0.0026,0.946
1,11.3,30,106.8,98.3,277.2,0.0026,0.745
1,11.1,33.3,120.6,98.3,277.2,0.0026,0.861
1,11.1,33.3,120.6,98.3,277.2,0.0026,0.861
1,10.7,35.5,130.3,98.3,277.2,0.0026,0.946
1,10.7,35.5,130.3,98.3,277.2,0.0026,0.946
1,10.5,38.5,143.1,98.3,277.2,0.0026,1.062
1,8.6,41.5,130.4,98.09,293.7,0.00635,1.061
1,8.6,41.5,130.4,98.09,293.7,0.00635,1.061
1,8.5,39.92,124.7,98.09,293.7,0.00635,1.002
1,8.4,38.4,119.2,98.09,293.7,0.00635,0.946
1,8.5,36.8,111.3,98.25,284.9,0.00465,0.877
1,8.5,37.9,115.2,98.25,284.9,0.00465,0.916
1,8.4,40.135,119.2,98.25,284.9,0.00465,0.96
1,8.3,40.5,124.7,98.25,284.9,0.00465,1.014
1,8.3,40.5,124.7,98.25,284.9,0.00465,1.014
1,8.3,40.5,124.7,98.25,284.9,0.00465,1.014
1,8.3,42,130.4,98.25,284.9,0.00465,1.075
1,8.3,42,130.4,98.25,284.9,0.00465,1.075
1,8.5,36.8,111.3,98.25,284.9,0.00465,0.877
1,8.5,37.9,115.2,98.25,284.9,0.00465,0.916
1,8.4,40.135,119.2,98.25,284.9,0.00465,0.96
1,8.3,40.5,124.7,98.25,284.9,0.00465,1.014
1,8.3,40.5,124.7,98.25,284.9,0.00465,1.014
1,8.3,42,130.4,98.25,284.9,0.00465,1.075
1,8.3,40.5,124.7,98.25,284.9,0.00465,1.014
1,8.3,42,130.4,98.25,284.9,0.00465,1.075
1,8.71,36.62,332.39,97.604,291.9,0.00683,2.637
1,5.7,25.1,76.9,97.55,298,0.0113,0.765
1,5.7,25.1,76.9,97.55,298,0.0113,0.765
1,5.4,26.5,82.1,97.55,298,0.0113,0.826
1,5.09,25.1,75.44,98.5,294.5,0.01057,0.769
1,5.09,25.1,75.44,98.5,294.5,0.01057,0.769
1,5.09,25.6,77.4,97.55,298,0.0113,0.789
1,5.09,25.5,77.4,97.55,295,0.00655,0.792
1,5.09,25.6,77.4,98.5,294.5,0.01057,0.792
1,5.09,27.3,83.7,97.55,298,0.0113,0.866
1,5.09,27.2,83.7,97.55,295,0.00655,0.87
1,5.09,27.3,83.7,98.5,294.5,0.01057,0.871
1,5.09,25.6,77.4,97.55,298,0.0113,0.789
1,5.09,25.5,77.4,97.55,295,0.00655,0.792
1,5.09,25.6,77.4,98.5,294.5,0.01057,0.792
1,5.09,27.3,83.7,97.55,298,0.0113,0.866
1,5.09,27.2,83.7,97.55,295,0.00655,0.87
1,5.09,27.3,83.7,98.5,294.5,0.01057,0.871
1,5.09,27.3,83.7,97.55,298,0.0113,0.866
1,5.09,27.2,83.7,97.55,295,0.00655,0.87
1,5.09,27.3,83.7,98.5,294.5,0.01057,0.871
1,5.09,27.2,83.7,97.55,295,0.00655,0.87
1,6.25,19.7,41.01,102.25,278.3,0.00275,0.407
1,6.25,19.7,41.01,102.25,278.3,0.00275,0.407
1,6.25,19.3,41.01,102.25,278.3,0.00275,0.3991
1,6.25,19.3,41.01,102.25,278.3,0.00275,0.3991
1,5.13,23.03,56.36,97.245,291.7,0.00608,0.6042
1,5.13,22.15,56.36,97.6,288,0.005985,0.608
1,5.13,23.09,59.42,97.6,288,0.005985,0.6481
1,5.13,23.09,59.42,97.6,288,0.005985,0.648
1,5.13,23.49,60.62,97.6,288,0.005985,0.665
1,5.13,24.12,62.49,97.6,288,0.005985,0.691
1,5.13,24.82,64.53,97.6,288,0.005985,0.721
1,5.13,22.08,56.35,97.6,288,0.005985,0.606
1,5.13,21.71,55.19,97.6,288,0.005985,0.5906
1,5.13,21.71,55.19,97.6,288,0.005985,0.591
1,5.13,23,59.15,97.6,288,0.005985,0.644
1,5.13,23.18,59.68,97.6,288,0.005985,0.6518
1,5.13,23.18,59.68,97.6,288,0.005985,0.652
1,5.13,24.12,62.49,97.6,288,0.005985,0.6914
1,5.13,24.12,62.49,97.6,288,0.005985,0.691
1,5.13,24.82,64.53,97.6,288,0.005985,0.721
1,5.13,23.18,59.68,97.6,288,0.005985,0.652
1,5.13,24.12,62.49,97.6,288,0.005985,0.691
1,5.13,23.09,59.42,97.6,288,0.005985,0.648
1,5.13,23.49,60.62,97.6,288,0.005985,0.665
1,5.13,22.08,56.35,97.6,288,0.005985,0.606
1,5.13,24.12,62.49,97.6,288,0.005985,0.691
1,5.13,24.82,64.53,97.6,288,0.005985,0.721
1,5.13,21.71,55.19,97.6,288,0.005985,0.591
1,5.13,23,59.15,97.6,288,0.005985,0.644
1,5.13,23.18,59.68,97.6,288,0.005985,0.652
1,5.13,24.12,62.49,97.6,288,0.005985,0.691
1,5.13,24.82,64.53,97.6,288,0.005985,0.721
1,5.13,23.18,59.68,97.6,288,0.005985,0.652
1,5.13,24.12,62.49,97.6,288,0.005985,0.691
1,4.3,25.38,202.8,97.82,296.8,0.01715,2.027
1,4.3,25.9,202.8,99.35,283,0.0065,2.058
1,4.3,25.38,202.8,97.82,296.8,0.01715,2.027
1,4.3,26.88,215.3,97.82,296.8,0.01715,2.168
1,4.3,28.8,224.2,99.35,283,0.0065,2.379
1,4.3,27.76,224.2,97.82,296.8,0.01715,2.281
1,4.3,28.44,230.4,97.82,296.8,0.01715,2.361
1,4.3,29.8,230.4,99.35,283,0.0065,2.487
1,4.3,28.44,230.4,97.82,296.8,0.01715,2.361
1,4.3,29.06,236.7,97.82,296.8,0.01715,2.41
1,4.3,28.8,224.2,99.35,283,0.0065,2.379
1,4.3,27.76,224.2,97.82,296.8,0.01715,2.281
1,4.3,27.76,224.2,97.82,296.8,0.01715,2.281
1,4.3,28.44,230.4,97.82,296.8,0.01715,2.361
1,4.3,28.44,230.4,97.82,296.8,0.01715,2.361
1,4.3,29.8,230.4,99.35,283,0.0065,2.487
1,4.3,28.44,230.4,97.82,296.8,0.01715,2.361
1,4.3,29.06,236.7,97.82,296.8,0.01715,2.41
1,5.9,24.7,174.8,99.805,290.5,0.009,1.736
1,5.9,25.4,181.9,99.805,290.5,0.009,1.812
1,5.9,24.7,174.8,99.805,290.5,0.009,1.736
1,5.9,25.4,181.9,99.805,290.5,0.009,1.812
1,5,29,208.8,99.43,276,0.002,2.145
1,5,29,209,99.43,276,0.002,2.145
1,5,30.1,216.5,99.43,276,0.002,2.254
1,5,30.1,217.8,99.43,276,0.002,2.254
1,5.1,30.96,257.4,97.61,291.5,0.0112,2.4
1,5.1,30.53,257.4,97.88,286,0.006,2.453
1,5.1,28,233.35,97.61,291.5,0.0112,2.117
1,5.1,28,233.35,97.61,291.5,0.0112,2.117
1,5.1,27.79,233.35,97.88,286,0.006,2.152
1,5.1,31.64,262.22,97.61,291.5,0.0112,2.457
1,5.1,31.64,262.22,97.61,291.5,0.0112,2.457
1,5.1,31.09,262.22,97.88,286,0.006,2.516
1,5.1,31.58,267.3,97.61,291.5,0.0112,2.581
1,5.1,31.58,267.3,97.61,291.5,0.0112,2.581
1,5.1,31.66,267.34,97.88,286,0.006,2.58
1,5.1,32.88,271.88,97.88,286,0.006,2.63
1,5.1,31,257.4,97.61,291.5,0.0112,2.507
1,5.1,30.45,257.37,97.88,286,0.006,2.444
1,5.1,30.08,249,97.61,291.5,0.0112,2.285
1,5.1,29.53,249.01,97.88,286,0.006,2.34
1,5.1,30.13,254.3,97.61,291.5,0.0112,2.353
1,5.1,30.13,254.3,97.61,291.5,0.0112,2.341
1,5.1,30.13,254.26,97.88,286,0.006,2.422
1,5.1,27.74,231.1,97.61,291.5,0.0112,2.131
1,5.1,27.53,231.08,97.88,286,0.006,2.124
1,5.1,27.52,231.35,97.61,291.5,0.0112,2.071
1,5.1,27.6,231.35,97.88,286,0.006,2.148
1,5.1,30.36,254.35,97.61,291.5,0.0112,2.43
1,5.1,30.14,254.35,97.88,286,0.006,2.409
1,5.1,30.17,254.79,97.61,291.5,0.0112,2.359
1,5.1,30.22,254.79,97.88,286,0.006,2.432
1,5.1,32.82,272.53,97.88,286,0.006,2.685
1,5.1,31.56,267.2,97.61,291.5,0.0112,2.579
1,5.1,31.66,267.2,97.88,286,0.006,2.58
1,5.1,31.79,267.03,97.61,291.5,0.0112,2.54
1,5.1,31.72,267.03,97.88,286,0.006,2.594
1,5.1,31.79,267.03,97.61,291.5,0.0112,2.54
1,5.1,31.72,267.03,97.88,286,0.006,2.594
1,5.1,31.37,267,97.5,286.4,0.005885,2.583
1,5.1,31.71,267.02,97.88,286,0.006,2.605
1,5.1,32.86,269.96,97.61,291.5,0.0112,2.596
1,5.1,32.05,269.96,97.88,286,0.006,2.629
1,5.1,32.44,281.5,97.825,294,0.0135,2.702
1,5.1,32.46,281.53,97.88,286,0.006,2.702
1,5.1,33.08,287,97.825,294,0.0135,2.767
1,5.1,33.1,287.04,97.88,286,0.006,2.767
1,5.1,35.7,304.8,97.88,286,0.006,2.989
1,5.1,34.5,297.44,97.88,286,0.006,2.904
1,5.1,34.5,297.44,97.88,286,0.006,2.904
1,5.1,30.13,254.26,97.88,286,0.006,2.422
1,5.1,32.82,272.53,97.88,286,0.006,2.685
1,5.1,31.72,267.03,97.88,286,0.006,2.594
1,7.34,39.73,492.6,97.4615,292.47,0.006375,4.32
1,7.17,41.21,504.9,97.4615,292.47,0.006375,4.53
1,7.08,42.24,513.9,97.4615,292.47,0.006375,4.69
1,7.3,40.36,492.6,97.69,294.7,0.00725,4.226
1,7.2,41.81,504.9,97.69,294.7,0.00725,4.43
1,7.1,42.94,513.9,97.69,294.7,0.00725,4.6
1,7.3,40.36,492.6,97.69,294.7,0.00725,4.226
1,7.1,42.94,513.9,97.69,294.7,0.00725,4.6
1,8.5,35.3,360.62,97.985,286.5,0.00413,2.83
1,8.6,35.1,360.62,98.07,292,0.00935,2.824
1,8.53,34.88,360.6,97.75,280.35,0.0043,2.781
1,8.53,34.88,360.6,97.75,280.35,0.0043,2.781
1,8.6,35.45,354.32,98.535,279.25,0.0029,2.981
1,8.53,35.5,363.22,98.535,279.25,0.0029,2.796
1,8.6,35.2,363.42,97.985,286.5,0.00415,2.84
1,8.58,35.3,363.42,98.07,292,0.00935,2.832
1,8.52,35.1,363.4,97.75,280.35,0.0043,2.806
1,8.58,35.68,357.07,98.535,279.25,0.0029,2.992
1,8.52,35.8,366.75,98.535,279.25,0.0029,2.83
1,8.4,38.1,395.31,97.985,286.5,0.00413,3.19
1,8.44,38,395.31,98.07,292,0.00935,3.169
1,8.41,37.7,395.3,97.75,280.35,0.0043,3.115
1,8.44,38.37,388.4,98.535,279.25,0.0029,3.182
1,8.41,38.16,397.21,98.535,279.25,0.0029,3.131
1,8.4,39.7,418.13,97.985,286.5,0.00415,3.419
1,8.36,39.8,418.13,98.07,292,0.00935,3.414
1,8.36,39.38,418.1,97.75,280.35,0.0043,3.348
1,8.36,40.32,410.82,98.535,279.25,0.0029,3.436
1,8.36,39.85,419.25,98.535,279.25,0.0029,3.38
1,8.4,40.4,426.72,97.985,286.5,0.00415,3.523
1,8.33,40.6,426.72,98.07,292,0.00935,3.515
1,8.33,40.53,432.8,97.75,280.35,0.0043,3.514
1,8.33,40.53,432.8,97.75,280.35,0.0043,3.514
1,8.33,40.82,430.92,98.535,279.25,0.0029,3.513
1,9.4,35.2,255.3,98,289.75,0.005305,1.878
1,9.2,37.2,271.3,98,289.75,0.005305,2.019
1,9,40.6,298,98,289.75,0.005305,2.265
1,8.9,41.9,308.7,98,289.75,0.005305,2.368
1,8.8,43.5,321.6,98,289.75,0.005305,2.494
1,8,42.4,299.8,98,289.75,0.005305,2.451
1,9.4,35.1,255.3,98,289.75,0.005305,1.893
1,9.2,37.1,271.3,98,289.75,0.005305,2.033
1,9,40.5,298,98,289.75,0.005305,2.278
1,8.9,41.9,308.7,98,289.75,0.005305,2.38
1,8.8,43.5,321.6,98,289.75,0.005305,2.505
1,8.8,43.5,321.6,98,289.75,0.005305,2.505
1,8.8,43.5,321.6,98,289.75,0.005305,2.505
1,8.8,46,341.2,98,289.75,0.005305,2.709
1,8.8,46.5,345.2,98,289.75,0.005305,2.753
1,9.39,35.5,255.3,98.3,296.95,0.01314,1.88
1,9.24,37.5,271.3,98.3,296.95,0.01314,2.023
1,9.01,40.9,298,98.3,296.95,0.01314,2.273
1,8.92,42.2,308.7,98.3,296.95,0.01314,2.376
1,8.81,43.9,321.6,98.3,296.95,0.01314,2.504
1,8.81,43.9,321.6,98.3,296.95,0.01314,2.504
1,8.81,43.9,321.6,98.3,296.95,0.01314,2.504
1,8.65,46.4,341.2,98.3,296.95,0.01314,2.704
1,8.62,47,345.2,98.3,296.95,0.01314,2.746
1,8.59,47.5,349.2,98.3,296.95,0.01314,2.79
1,8.59,47.5,349.2,98.3,296.95,0.01314,2.79
1,8,42.4,299.8,98,289.75,0.005305,2.451
1,8.03,43.55,299.81,98.3,296.95,0.01314,2.453
1,9.39,35.5,255.3,98.3,296.95,0.01314,1.88
1,9.24,37.5,271.3,98.3,296.95,0.01314,2.023
1,9.01,40.9,298,98.3,296.95,0.01314,2.273
1,8.92,42.2,308.7,98.3,296.95,0.01314,2.376
1,8.81,43.9,321.6,98.3,296.95,0.01314,2.504
1,8.81,43.9,321.6,98.3,296.95,0.01314,2.504
1,8.81,43.9,321.6,98.3,296.95,0.01314,2.504
1,8.65,46.4,341.2,98.3,296.95,0.01314,2.704
1,8.62,47,345.2,98.3,296.95,0.01314,2.746
1,8.59,47.5,349.2,98.3,296.95,0.01314,2.79
1,8.59,47.5,349.2,98.3,296.95,0.01314,2.79
1,8.03,43.55,299.81,98.3,296.95,0.01314,2.453
1,9.39,35.5,255.3,98.3,296.95,0.01314,1.88
1,9.24,37.5,271.3,98.3,296.95,0.01314,2.023
1,9.01,40.9,298,98.3,296.95,0.01314,2.273
1,8.92,42.2,308.7,98.3,296.95,0.01314,2.376
1,8.81,43.9,321.6,98.3,296.95,0.01314,2.504
1,8.81,43.9,321.6,98.3,296.95,0.01314,2.504
1,8.81,43.9,321.6,98.3,296.95,0.01314,2.504
1,8.65,46.4,341.2,98.3,296.95,0.01314,2.704
1,8.62,47,345.2,98.3,296.95,0.01314,2.746
1,8.59,47.5,349.2,98.3,296.95,0.01314,2.79
1,8.59,47.5,349.2,98.3,296.95,0.01314,2.79
1,8.03,43.55,299.81,98.3,296.95,0.01314,2.453
2,5.89322,41.3981,84.1599,97.9,289.8,0.0074,0.801186
1,4.2,21.95,30.62,96.97,294,0.0047,0.347
2,4.2,21.95,30.62,97.17,299.5,0.00265,0.347
2,4.2,21.95,30.62,97.015,304.5,0.0069,0.347
2,4.2,22.58,32.86,96.895,308.5,0.008,0.372
2,4.2,22.58,32.86,97.015,304.5,0.0069,0.372
2,4.2,22.88,33,97.015,304.5,0.0069,0.373
2,4.2,21.05,29.4,97.015,304.5,0.0069,0.32
2,4.2,22.3,31.61,97.015,304.5,0.0069,0.349
2,4.2,23.57,33.83,97.015,304.5,0.0069,0.378
2,4.2,23.29,34.03,97.015,304.5,0.0069,0.386
2,4.2,22.88,33,97.015,304.5,0.0069,0.373
2,4.2,22.58,32.86,97.015,304.5,0.0069,0.372
2,4.2,23.29,34.03,97.015,304.5,0.0069,0.386
2,4.2,21.05,29.4,97.015,304.5,0.0069,0.32
2,4.2,22.3,31.61,97.015,304.5,0.0069,0.349
2,4.2,23.57,33.83,97.015,304.5,0.0069,0.378
2,5.3,29.8,111.2,101.3,286,0.0048,1.113
2,4.88,25.6,102.66,101.4,292,0.01,0.971
2,4.9,25.7,102.5,101.615,272.95,0.002495,0.971
2,4.81,26.9,109.06,101.4,292,0.01,1.042
2,4.8,27,108.9,101.615,272.95,0.002495,1.04
2,4.82,27.2,111.2,101.4,292,0.01,1.053
2,4.82,27.2,111.2,101.4,292,0.01,1.053
2,4.8,27.1,110.3,101.615,272.95,0.002495,1.049
2,4.8,27.1,110.3,101.615,272.95,0.002495,1.049
2,4.8,27.1,110.3,101.615,272.95,0.002495,1.049
2,4.82,27.2,111.2,101.4,292,0.01,1.053
2,4.82,27.2,111.2,101.4,292,0.01,1.053
2,4.66,30,124.5,101.4,292,0.01,1.209
2,4.54,32.1,133.4,101.4,292,0.01,1.331
2,4.6,32,133,101.615,272.95,0.002495,1.325
2,4.46,33.44,140.56,101.4,292,0.01,1.426
2,4.5,33.7,140.6,101.615,272.95,0.002495,1.433
2,4.52,32.3,134.8,101.615,272.95,0.002495,1.329
2,4.9,25.7,102.5,101.615,272.95,0.002495,0.971
2,4.8,27,108.9,101.615,272.95,0.002495,1.04
2,4.8,27.1,110.3,101.615,272.95,0.002495,1.049
2,4.8,27.1,110.3,101.615,272.95,0.002495,1.049
2,4.8,27.1,110.3,101.615,272.95,0.002495,1.049
2,4.6,32,133,101.615,272.95,0.002495,1.325
2,4.5,33.7,140.6,101.615,272.95,0.002495,1.433
2,4.52,32.3,134.8,101.615,272.95,0.002495,1.329
2,1.24,10.8,103,102.6,300,0.00876,1.75
2,1.24,10.8,103,102.7,293,0.00905,1.75
2,1.33,13.4,127.53,102.85,290.5,0.00915,2.4
2,1.13,13.2,130.47,102.3,270,0.00238,2.05
2,1.13,13.2,130.47,101.8,279,0.010395,2.05
2,4.44,21.85,69.21,100.845,295.85,0.00975,0.791
2,4.38,22.8,72.67,100.845,295.85,0.00975,0.841
2,4.44,21.85,69.21,100.845,295.85,0.00975,0.791
2,4.38,22.8,72.67,100.845,295.85,0.00975,0.841
1,3.3,9.76,9.79,100.526,290,0.0079,0.148
1,2.68,10.1,11.12,103.146,257,0.0015,0.1697
1,2.1,12.3,12.9,99.42,280.3,0.0036,0.2054
1,2.1,13.3,14.19,101.7,300,0.01,0.2151
2,1.73,19.66,92.74,100.95,276,0.0028,1.32
2,1.73,19.66,92.74,100.95,276,0.0028,1.32
2,1.7,19.05,92.74,100.95,276,0.0028,1.282
2,1.7,20.27,96.52,100.95,276,0.0028,1.354
2,1.05,15.82,62.27,101,281,0.0064,0.9892
2,1.04,15.88,64.5,101,281,0.0064,1.04
1,0,20.3,205.3,99.8,288,0.00895,2.099
1,0,20.3,205.3,99.8,288,0.00895,2.099
1,4.9,24.5,235.8,98.5,282.5,0.00395,2.4419
1,0,21.5,202.4,99.8,288,0.00895,2.083
1,0,21.5,202.4,99.8,288,0.00895,2.083
1,4.9,24.5,235.8,98.5,282.5,0.00395,2.4419
1,0,20.3,205.3,99.8,288,0.00895,2.099
1,0,20.3,205.3,99.8,288,0.00895,2.099
1,5.1,22.8,213.5,101,278,0.00375,2.1672
1,4.9,24.5,235.75,98.5,282.5,0.00395,2.4419
1,5.66,33.87,68.63,100.4,275,0.00515,0.667
1,5.6,35,71.22,100.4,275,0.00515,0.699
1,5.66,33.87,68.63,100.4,275,0.00515,0.667
1,5.6,35,71.22,100.4,275,0.00515,0.699
2,5.70668,33.5597,68.6316,100.4,278,0.0077,0.672078
2,5.65376,34.6468,71.2205,100.4,278,0.0077,0.70114
1,12.2,32.11,120.44,100.635,271.875,0.00137,0.800416
1,12.2,32.11,120.44,100.635,271.875,0.00137,0.800416
1,11.7,35.52,134,100.635,271.875,0.00137,0.910084
1,11.4,38.85,147.28,100.635,271.875,0.00137,1.02297
1,11.4,38.85,147.28,100.635,271.875,0.00137,1.02297
1,12.72,28.78,107.82,100.635,271.875,0.00137,0.71
1,12.72,28.78,107.82,100.635,271.875,0.00137,0.71
1,12.72,28.78,107.82,100.635,271.875,0.00137,0.71
1,12.72,28.78,107.82,100.635,271.875,0.00137,0.71
1,12.72,28.78,107.82,100.635,271.875,0.00137,0.71
1,12.72,28.78,107.82,100.635,271.875,0.00137,0.71
1,12.28,31.66,120.43,100.635,271.875,0.00137,0.8
1,12.28,31.66,120.43,100.635,271.875,0.00137,0.8
1,12.28,31.66,120.43,100.635,271.875,0.00137,0.8
1,12.28,31.66,120.43,100.635,271.875,0.00137,0.8
1,12.28,31.66,120.43,100.635,271.875,0.00137,0.8
1,12.28,31.66,120.43,100.635,271.875,0.00137,0.8
1,12,34.02,130.08,101.939,282.45,0.007366,0.88
1,12,34.02,130.08,101.939,282.45,0.007366,0.88
1,11.58,38.07,147.28,101.939,282.45,0.007366,1.023
1,11.58,38.07,147.28,101.939,282.45,0.007366,1.023
1,11.58,38.07,147.28,101.939,282.45,0.007366,1.023
1,11.58,38.07,147.28,101.939,282.45,0.007366,1.023
1,11.58,38.07,147.28,101.939,282.45,0.007366,1.023
1,11.58,38.07,147.28,101.939,282.45,0.007366,1.023
1,12.7211,28.7767,107.824,101.853,290.21,0.007795,0.71
1,12.7211,28.7767,107.824,101.853,290.21,0.007795,0.71
1,12.7211,28.7767,107.824,101.853,290.21,0.007795,0.71
1,12.2805,31.6575,120.435,101.853,290.21,0.007795,0.8
1,12.2805,31.6575,120.435,101.853,290.21,0.007795,0.8
1,12.2805,31.6575,120.435,101.853,290.21,0.007795,0.8
1,12.003,34.0245,130.088,101.853,290.21,0.007795,0.88
1,11.5814,38.0698,147.28,101.853,290.21,0.007795,1.023
1,11.5814,38.0698,147.28,101.853,290.21,0.007795,1.023
1,11.5814,38.0698,147.28,101.853,290.21,0.007795,1.023
1,8.6,29.36,67.66,101.7,284.85,0.00342,0.551
1,8.6,29.36,67.66,101.7,284.85,0.00342,0.551
1,8.33,32.65,75.72,101.7,284.85,0.00342,0.634
1,8.33,32.65,75.72,101.7,284.85,0.00342,0.634
1,12.11,33.32,132.38,101.939,282.45,0.007366,0.87
1,12.11,33.32,132.38,101.939,282.45,0.007366,0.87
1,12.11,33.32,132.38,101.939,282.45,0.007366,0.87
1,11.88,35.59,140.43,101.939,282.45,0.007366,0.95
1,11.88,35.59,140.43,101.939,282.45,0.007366,0.95
1,11.88,35.59,140.43,101.939,282.45,0.007366,0.95
1,12.102,33.32,132.383,101.853,290.21,0.007795,0.87
1,12.102,33.32,132.383,101.853,290.21,0.007795,0.87
1,12.102,33.32,132.383,101.853,290.21,0.007795,0.87
1,11.8646,35.59,140.439,101.853,290.21,0.007795,0.95
1,11.8646,35.59,140.439,101.853,290.21,0.007795,0.95
1,11.8646,35.59,140.439,101.853,290.21,0.007795,0.95
1,11.05,38.67,108.53,100.285,270.75,0.00199,0.79
1,11.05,38.67,108.53,100.285,270.75,0.00199,0.79
1,11.37,35.11,97.72,100.285,270.75,0.00199,0.69
1,11.64,32.28,87.96,100.285,270.75,0.00199,0.62
1,11.05,38.67,108.53,102.63,275.05,0.001715,0.79
1,11.05,38.67,108.53,102.63,275.05,0.001715,0.79
1,11.05,38.67,108.53,102.63,275.05,0.001715,0.79
1,11.05,38.67,108.53,102.63,275.05,0.001715,0.79
1,11.37,35.11,97.72,102.63,275.05,0.001715,0.69
1,11.37,35.11,97.72,102.63,275.05,0.001715,0.69
1,11.37,35.11,97.72,102.63,275.05,0.001715,0.69
1,11.37,35.11,97.72,102.63,275.05,0.001715,0.69
1,11.64,32.28,87.96,102.63,275.05,0.001715,0.62
1,11.64,32.28,87.96,102.63,275.05,0.001715,0.62
1,11.6,33.27,92.79,102.63,275.05,0.001715,0.65
1,11.6,33.27,92.79,102.63,275.05,0.001715,0.65
1,11.36,35.76,100.3,102.63,275.05,0.001715,0.71
1,11.36,35.76,100.3,102.63,275.05,0.001715,0.71
1,11.16,37.74,105.93,102.63,275.05,0.001715,0.76
1,11.16,37.74,105.93,102.63,275.05,0.001715,0.76
1,11.16,37.74,105.93,102.63,275.05,0.001715,0.76
1,11.16,37.74,105.93,102.63,275.05,0.001715,0.76
1,11.16,37.74,105.93,102.63,275.05,0.001715,0.76
1,11.16,37.74,105.93,102.63,275.05,0.001715,0.76
1,5.71,26.7,166.35,100.775,290.8,0.0075,1.571
1,5.54,29.4,182.02,100.775,290.8,0.0075,1.752
2,4.5,20,26.87,98.94,292,0.0099,0.3171
2,4.5,20,26.91,98.94,292,0.0099,0.3171
2,4.2,20.21,28.49,99.525,276.5,0.00355,0.327
2,4.2,20.21,28.49,99.525,276.5,0.00355,0.327
2,4.2,20.21,28.49,99.525,276.5,0.00355,0.327
1,4.2,20.21,28.49,99.7,294.5,0.0099,0.329
2,4.2,20.21,28.49,99.595,269.5,0.0032,0.3282
2,4.2,20.21,28.49,100.11,272.5,0.0041,0.3285
2,4.2,21.44,29.91,99.22,296.5,0.0109,0.3545
2,4.2,21.44,29.91,99.22,296.5,0.0109,0.3545
2,4.2,21.44,29.91,99.22,296.5,0.0109,0.3545
2,4.1,20.4,30.71,101.21,288,0.0059,0.3604
2,4.1,20.4,30.71,101.21,288,0.0059,0.3604
2,4.1,20.7,31.15,99.835,298.5,0.0105,0.3669
2,4.1,20.7,31.15,99.835,298.5,0.0105,0.3669
2,4.1,21.07,31.15,99.525,276.5,0.00355,0.37
2,4.1,21.07,31.15,99.525,276.5,0.00355,0.37
2,4.1,21.07,31.15,99.525,276.5,0.00355,0.37
1,4.7,29.3,252.4,101.63,290,0.00053,2.449
1,4.7,29.3,249.1,100.2,299,0.01,2.342
1,4.5,32.4,266.9,100.2,299,0.01,2.647
1,6.8,32.2,333.2,101.3,288,0.0063,2.899
1,6.7,32.3,344.5,101.8,289,0.00725,3.042
1,6.7,31.76,333.2,101.31,297.7,0.01045,2.949
1,6.7,33.2,343,101.3,288,0.0063,3.019
1,6.6,33.3,355.7,101.8,289,0.00725,3.172
1,6.6,32.83,343,101.31,297.7,0.01045,3.082
1,6.4,36.2,369.6,101.3,288,0.0063,3.411
1,6.4,36.2,369.6,101.3,288,0.0063,3.411
1,6.2,36.3,385.9,101.8,289,0.00725,3.557
1,6.3,36.36,369.6,101.31,297.7,0.01045,3.511
1,6,38.9,408.3,101.8,289,0.00725,3.926
1,6.1,39.16,395,101.31,297.7,0.01045,3.898
1,0,41.37,424.1,102.1,286.5,0.00441,4.138
1,4.9,26.9,231.3,101.63,290,0.00053,2.177
1,4.9,26.9,231.27,100.2,299,0.01,2.129
1,4.7,29.3,252.4,101.63,290,0.00053,2.449
1,4.7,29.3,249.1,100.2,299,0.01,2.342
1,4.6,30.7,258,100.2,299,0.01,2.481
1,5.2,31.24,284.68,101.3,273.5,0.0018,2.626
1,5.2,30.1,284.68,101.85,280.5,0.002825,2.668
1,5.06,31.3,286.9,101.11,283.82,0.004085,2.721
1,5.1,33.1,302.48,101.3,273.5,0.0018,2.836
1,5.1,31.84,302.5,101.85,280.5,0.002825,2.884
1,4.92,33.1,305.1,101.11,283.82,0.004085,2.937
1,5.1,33.1,302.48,101.3,273.5,0.0018,2.836
1,5.1,31.84,302.5,101.85,280.5,0.002825,2.884
1,4.92,33.1,305.1,101.11,283.82,0.004085,2.937
1,4.7,29.7,266.9,102.225,226.5,0.002995,2.567
1,4.6,31,275.8,102.225,226.5,0.002995,2.725
1,4.86,33.8,311.4,101.11,283.82,0.004085,3.019
1,4.7,29.3,252.4,101.63,290,0.00053,2.449
1,4.5,32.4,266.9,100.2,299,0.01,2.647
1,5,25.39,222.4,102,270,0.0015,2.027
1,5,26.32,231.3,102,270,0.0015,2.127
1,4.8,28.37,249.1,102,270,0.0015,2.351
1,4.8,29.49,258,102,270,0.0015,2.482
1,4.8,28.41,258,100.65,279,0.00305,2.496
1,4.7,30.68,266.9,102,270,0.0015,2.623
1,4.4,33.4,275.8,100.2,299,0.01,2.858
1,4.6,31.91,275.8,102,270,0.0015,2.767
2,4.8,25.7,98.31,101.75,275.85,0.00169,1.047
2,4.8,28,105.87,101.75,275.85,0.00169,1.169
1,3,16.5,32.4,100.35,287,0.006025,0.498
1,4.7,25,182.5,99.8,289,0.008,1.866
1,4.7,25,182.5,100.9,281,0.0055,1.877
1,4.5,28,218.5,99.8,289,0.008,2.383
1,4.5,28.4,218.5,103,284.5,0.005,2.21
1,4.5,29.1,224.8,102,288,0.005,2.48
1,4.3,29.7,231.3,101,277,0.006,2.51
1,4.3,30.22,231.3,103,284.5,0.005,2.34
2,4.25,32.1,253,101,284.5,0.006,2.62
2,4.25,32.1,253,101,284.5,0.006,2.62
2,4.25,32.1,253,100.2,287,0.0071,2.62
2,4.2,34,264.4,101,284.5,0.006,2.73
2,4.2,34,264,100.2,287,0.0071,2.81
2,4.1,25.4,176.1,101,291.5,0.00725,1.86
2,4.1,25.4,176.1,101,291.5,0.00725,1.86
2,4.1,25.8,178.4,98.8,282,0.0037,1.86
2,4.1,26,178.4,100.95,284,0.0061,1.85
2,4.1,27.65,191.73,98.8,282,0.0037,2.08
2,4.1,27.9,191.7,100.95,284,0.0061,2.07
2,1,15.9,44,100.2,287,0.0078,0.735
2,0.64,18.7,50.7,100.5,287,0.0075,0.891
2,1,15.9,44,100.5,285,0.008,0.735
2,3.2,15.75,61.61,99.95,282.05,0.00475,0.741
2,3.26,15.88,61.6,100.95,286.95,0.00531,0.731
2,3,16.4,68.5,100,284.5,0.0065,0.87
2,3,16.1,61.6,100,288,0.005,0.76
2,3,16.1,61.6,100,288,0.005,0.76
2,3,16.4,67.2,100,284.5,0.0065,0.874
1,7.5,35.19,251.9,101.475,277.9,0.005,2.11
1,7.5,36.71,261.5,101.475,277.9,0.005,2.24
1,7.5,36.63,263.9,101.475,277.9,0.005,2.24
2,5.15,34.04,298.7,100.6,293,0.00785,2.94
2,5.15,34,300.3,100.2,287,0.0071,2.97
2,5.03,35.79,315.9,100.6,293,0.00785,3.15
2,5.03,35.8,316.3,100.2,287,0.0071,3.2
2,5.15,34.48,304.2,98.2,286.5,0.006795,2.907
2,5.03,36.3303,320.3,98.2,286.5,0.006795,3.139
2,5.15,34.48,304.2,98.2,286.5,0.006795,2.907
2,5.03,36.3303,320.3,98.2,286.5,0.006795,3.139
1,6.08,35.42,351.85,100.2,287,0.007065,3.1
1,6.02,36.3,361.64,100.2,287,0.007065,3.21
1,5.87,38.96,390.1,100.2,287,0.007065,3.56
1,5.7,41.38,411.48,100.2,287,0.007065,3.91
1,5.7,41.52,413.05,100.2,287,0.0071,4.03
1,7.5,38.97,334.7,100.4,291.3,0.005475,2.6
1,7.5,38.64,345.9,100.4,291.3,0.005475,2.69
1,8.45,38,338.7,100.8,281.65,0.00688,2.605
1,8.38,39.35,352.9,100.8,281.65,0.00688,2.738
1,8.41,38.68,345.9,100.8,281.65,0.00688,2.672
1,8.41,38.68,345.9,100.8,281.65,0.00688,2.672
1,8.45,38,338.7,100.8,281.65,0.00688,2.605
1,8.41,38.68,345.9,100.8,281.65,0.00688,2.672
1,8.41,38.68,345.9,100.8,281.65,0.00688,2.672
1,9.47,41,310.8,100.5,287.2,0.005765,2.282
1,9.32,43.78,334.7,100.5,287.2,0.005765,2.508
1,9.32,43.78,334.7,100.5,287.2,0.005765,2.508
1,9.67,37.51,279.8,100.5,287.2,0.005765,2.007
1,9.39,42.53,323.7,100.5,287.2,0.005765,2.403
1,9.62,38.33,286.7,100.5,287.2,0.005765,2.07
1,9.16,44.1,334.7,100.5,288.65,0.007,2.503
1,9.04,46.08,350.9,100.5,288.65,0.007,2.663
1,9.04,46.08,350.9,100.5,288.65,0.007,2.663
1,9.49,38.52,287.1,100.5,288.65,0.007,2.075
1,9.23,42.81,323.7,100.5,288.65,0.007,2.402
1,9.62,36.32,268,100.5,288.65,0.007,1.912
1,9.16,44.1,334.7,100.5,288.65,0.007,2.503
1,9.16,44.1,334.7,100.5,288.65,0.007,2.503
1,9.32,41.3,310.9,100.5,288.65,0.007,2.284
1,9.62,38.33,287.1,100.5,288.65,0.007,2.07
1,9.39,42.53,323.7,100.5,288.65,0.007,2.403
1,9.74,36.19,268,100.5,288.65,0.007,1.907
1,9.32,43.78,334.7,100.5,288.65,0.007,2.508
1,9.32,43.78,334.7,100.5,288.65,0.007,2.508
1,9.47,41.04,310.9,100.5,288.65,0.007,2.282
1,9.2,43,310.9,100.5,289.8,0.011215,2.279
1,9,45.8,334.7,100.5,289.8,0.011215,2.497
1,9,45.8,334.7,100.5,289.8,0.011215,2.497
1,9.1,44.5,323.7,100.5,289.8,0.011215,2.395
1,9.3,40.1,287.1,100.5,289.8,0.011215,2.068
1,8.9,47.8,350.9,100.5,289.8,0.011215,2.649
1,8.9,47.8,350.9,100.5,289.8,0.011215,2.649
1,9,45.8,334.7,100.5,289.8,0.011215,2.497
1,8.9,48.7,358.1,100.5,289.8,0.011215,2.721
1,8.9,48.7,358.1,100.5,289.8,0.011215,2.721
1,9,45.8,334.7,100.5,289.8,0.011215,2.497
1,8.9,47.8,350.9,100.5,289.8,0.011215,2.649
1,8.9,49.4,363.9,100.5,289.8,0.011215,2.783
1,9,45.4,327.9,100.5,289.8,0.011215,2.478
1,9,45.4,327.9,100.5,289.8,0.011215,2.478
1,9.2,43,310.9,100.5,289.8,0.011215,2.279
1,9,45.8,334.7,100.5,289.8,0.011215,2.497
1,9,45.8,334.7,100.5,289.8,0.011215,2.497
1,9.1,44.5,323.7,100.5,289.8,0.011215,2.395
1,9.3,40.1,287.1,100.5,289.8,0.011215,2.068
1,8.9,47.8,350.9,100.5,289.8,0.011215,2.649
1,8.9,47.8,350.9,100.5,289.8,0.011215,2.649
1,9,45.8,334.7,100.5,289.8,0.011215,2.497
1,8.9,48.7,358.1,100.5,289.8,0.011215,2.721
1,8.9,48.7,358.1,100.5,289.8,0.011215,2.721
1,9,45.8,334.7,100.5,289.8,0.011215,2.497
1,8.9,47.8,350.9,100.5,289.8,0.011215,2.649
1,8.9,49.4,363.9,100.5,289.8,0.011215,2.783
1,9,45.4,327.9,100.5,289.8,0.011215,2.478
1,9,45.4,327.9,100.5,289.8,0.011215,2.478
1,9.14026,43.1772,310.864,100.5,291.95,0.011125,2.32686
1,9.01653,46.0013,334.68,100.5,291.95,0.011125,2.55619
1,9.01653,46.0013,334.68,100.5,291.95,0.011125,2.55619
1,9.074,44.6969,323.728,100.5,291.95,0.011125,2.44924
1,9.28204,40.3476,287.137,100.5,291.95,0.011125,2.10752
1,8.93421,47.9558,350.902,100.5,291.95,0.011125,2.72092
1,8.93421,47.9558,350.902,100.5,291.95,0.011125,2.72092
1,9.01653,46.0013,334.68,100.5,291.95,0.011125,2.55619
1,8.91709,48.7886,358.055,100.5,291.95,0.011125,2.80167
1,8.91709,48.7886,358.055,100.5,291.95,0.011125,2.80167
1,9.01653,46.0013,334.68,100.5,291.95,0.011125,2.55619
1,8.93421,47.9558,350.902,100.5,291.95,0.011125,2.72092
1,8.88349,49.5509,363.873,100.5,291.95,0.011125,2.87194
1,9.15518,42.9717,308.738,100.5,291.95,0.011125,2.28796
1,9.09338,44.089,317.772,100.5,291.95,0.011125,2.37297
1,8.93939,45.7702,327.918,100.5,291.95,0.011125,2.502
1,8.93939,45.7702,327.918,100.5,291.95,0.011125,2.502
1,8.93939,45.7702,327.918,100.5,291.95,0.011125,2.502
1,9.28,36.77,334,99.9,287.5,0.00606,2.411
1,9.15,38.8098,355.2,99.9,287.5,0.00606,2.601
1,9.15,38.8098,355.2,99.9,287.5,0.00606,2.601
1,9.01,41.09,379,99.9,287.5,0.00606,2.819
1,9.3,36.8,334,100.2,287.5,0.00513,2.411
1,9.15,38.8,355.2,100.2,287.5,0.00513,2.601
1,9.15,38.8,355.2,100.2,287.5,0.00513,2.601
1,9.01,41.1,379,100.2,287.5,0.00513,2.819
1,8.04,48.57,436.7,100.55,281.35,0.00376,3.507
1,8.059,48.4132,436.749,100.25,288.2,0.005305,3.49783
1,9.3,36.8,334,100.2,287.5,0.00513,2.411
1,9.15,38.8,355.2,100.2,287.5,0.00513,2.601
1,9.15,38.8,355.2,100.2,287.5,0.00513,2.601
1,9.01,41.1,379,100.2,287.5,0.00513,2.819
1,8.059,48.4132,436.749,100.25,288.2,0.005305,3.49783
1,5.1,13.15,33.4,101.7,295,0.0139,0.3999
1,5.7,11.4,29.8,101.85,290.5,0.0098,0.3476
1,5.6,12,31,101.85,290.5,0.0098,0.3581
1,5.1,13,31,101.85,278,0.00305,0.3578
1,5,19.9,63.765,100.7,281.5,0.005,0.634
1,5,19.9,63.77,100.7,281.5,0.005,0.634
1,4.9,19.8,64.43,100.84,283.5,0.00936,0.548
1,4.9,20.73,68.72,100.84,283.5,0.00936,0.581
